Title of Histogram: , HiggsMass
Number of trials: , 2022.0
Binlow , 100.0
Binhigh , 700.0
Binint , 2.0
nbins , 300
Underflows , 2018
Overflows , 4
Bin number , Centre , N , Error , %Error
 , Underflow , 2018 , 44.9221548904324 , 2.2260730867409517
0 , 101.0 , 0,0.0,0.0
1 , 103.0 , 0,0.0,0.0
2 , 105.0 , 0,0.0,0.0
3 , 107.0 , 0,0.0,0.0
4 , 109.0 , 0,0.0,0.0
5 , 111.0 , 0,0.0,0.0
6 , 113.0 , 0,0.0,0.0
7 , 115.0 , 0,0.0,0.0
8 , 117.0 , 0,0.0,0.0
9 , 119.0 , 0,0.0,0.0
10 , 121.0 , 0,0.0,0.0
11 , 123.0 , 0,0.0,0.0
12 , 125.0 , 0,0.0,0.0
13 , 127.0 , 0,0.0,0.0
14 , 129.0 , 0,0.0,0.0
15 , 131.0 , 0,0.0,0.0
16 , 133.0 , 0,0.0,0.0
17 , 135.0 , 0,0.0,0.0
18 , 137.0 , 0,0.0,0.0
19 , 139.0 , 0,0.0,0.0
20 , 141.0 , 0,0.0,0.0
21 , 143.0 , 0,0.0,0.0
22 , 145.0 , 0,0.0,0.0
23 , 147.0 , 0,0.0,0.0
24 , 149.0 , 0,0.0,0.0
25 , 151.0 , 0,0.0,0.0
26 , 153.0 , 0,0.0,0.0
27 , 155.0 , 0,0.0,0.0
28 , 157.0 , 0,0.0,0.0
29 , 159.0 , 0,0.0,0.0
30 , 161.0 , 0,0.0,0.0
31 , 163.0 , 0,0.0,0.0
32 , 165.0 , 0,0.0,0.0
33 , 167.0 , 0,0.0,0.0
34 , 169.0 , 0,0.0,0.0
35 , 171.0 , 0,0.0,0.0
36 , 173.0 , 0,0.0,0.0
37 , 175.0 , 0,0.0,0.0
38 , 177.0 , 0,0.0,0.0
39 , 179.0 , 0,0.0,0.0
40 , 181.0 , 0,0.0,0.0
41 , 183.0 , 0,0.0,0.0
42 , 185.0 , 0,0.0,0.0
43 , 187.0 , 0,0.0,0.0
44 , 189.0 , 0,0.0,0.0
45 , 191.0 , 0,0.0,0.0
46 , 193.0 , 0,0.0,0.0
47 , 195.0 , 0,0.0,0.0
48 , 197.0 , 0,0.0,0.0
49 , 199.0 , 0,0.0,0.0
50 , 201.0 , 0,0.0,0.0
51 , 203.0 , 0,0.0,0.0
52 , 205.0 , 0,0.0,0.0
53 , 207.0 , 0,0.0,0.0
54 , 209.0 , 0,0.0,0.0
55 , 211.0 , 0,0.0,0.0
56 , 213.0 , 0,0.0,0.0
57 , 215.0 , 0,0.0,0.0
58 , 217.0 , 0,0.0,0.0
59 , 219.0 , 0,0.0,0.0
60 , 221.0 , 0,0.0,0.0
61 , 223.0 , 0,0.0,0.0
62 , 225.0 , 0,0.0,0.0
63 , 227.0 , 0,0.0,0.0
64 , 229.0 , 0,0.0,0.0
65 , 231.0 , 0,0.0,0.0
66 , 233.0 , 0,0.0,0.0
67 , 235.0 , 0,0.0,0.0
68 , 237.0 , 0,0.0,0.0
69 , 239.0 , 0,0.0,0.0
70 , 241.0 , 0,0.0,0.0
71 , 243.0 , 0,0.0,0.0
72 , 245.0 , 0,0.0,0.0
73 , 247.0 , 0,0.0,0.0
74 , 249.0 , 0,0.0,0.0
75 , 251.0 , 0,0.0,0.0
76 , 253.0 , 0,0.0,0.0
77 , 255.0 , 0,0.0,0.0
78 , 257.0 , 0,0.0,0.0
79 , 259.0 , 0,0.0,0.0
80 , 261.0 , 0,0.0,0.0
81 , 263.0 , 0,0.0,0.0
82 , 265.0 , 0,0.0,0.0
83 , 267.0 , 0,0.0,0.0
84 , 269.0 , 0,0.0,0.0
85 , 271.0 , 0,0.0,0.0
86 , 273.0 , 0,0.0,0.0
87 , 275.0 , 0,0.0,0.0
88 , 277.0 , 0,0.0,0.0
89 , 279.0 , 0,0.0,0.0
90 , 281.0 , 0,0.0,0.0
91 , 283.0 , 0,0.0,0.0
92 , 285.0 , 0,0.0,0.0
93 , 287.0 , 0,0.0,0.0
94 , 289.0 , 0,0.0,0.0
95 , 291.0 , 0,0.0,0.0
96 , 293.0 , 0,0.0,0.0
97 , 295.0 , 0,0.0,0.0
98 , 297.0 , 0,0.0,0.0
99 , 299.0 , 0,0.0,0.0
100 , 301.0 , 0,0.0,0.0
101 , 303.0 , 0,0.0,0.0
102 , 305.0 , 0,0.0,0.0
103 , 307.0 , 0,0.0,0.0
104 , 309.0 , 0,0.0,0.0
105 , 311.0 , 0,0.0,0.0
106 , 313.0 , 0,0.0,0.0
107 , 315.0 , 0,0.0,0.0
108 , 317.0 , 0,0.0,0.0
109 , 319.0 , 0,0.0,0.0
110 , 321.0 , 0,0.0,0.0
111 , 323.0 , 0,0.0,0.0
112 , 325.0 , 0,0.0,0.0
113 , 327.0 , 0,0.0,0.0
114 , 329.0 , 0,0.0,0.0
115 , 331.0 , 0,0.0,0.0
116 , 333.0 , 0,0.0,0.0
117 , 335.0 , 0,0.0,0.0
118 , 337.0 , 0,0.0,0.0
119 , 339.0 , 0,0.0,0.0
120 , 341.0 , 0,0.0,0.0
121 , 343.0 , 0,0.0,0.0
122 , 345.0 , 0,0.0,0.0
123 , 347.0 , 0,0.0,0.0
124 , 349.0 , 0,0.0,0.0
125 , 351.0 , 0,0.0,0.0
126 , 353.0 , 0,0.0,0.0
127 , 355.0 , 0,0.0,0.0
128 , 357.0 , 0,0.0,0.0
129 , 359.0 , 0,0.0,0.0
130 , 361.0 , 0,0.0,0.0
131 , 363.0 , 0,0.0,0.0
132 , 365.0 , 0,0.0,0.0
133 , 367.0 , 0,0.0,0.0
134 , 369.0 , 0,0.0,0.0
135 , 371.0 , 0,0.0,0.0
136 , 373.0 , 0,0.0,0.0
137 , 375.0 , 0,0.0,0.0
138 , 377.0 , 0,0.0,0.0
139 , 379.0 , 0,0.0,0.0
140 , 381.0 , 0,0.0,0.0
141 , 383.0 , 0,0.0,0.0
142 , 385.0 , 0,0.0,0.0
143 , 387.0 , 0,0.0,0.0
144 , 389.0 , 0,0.0,0.0
145 , 391.0 , 0,0.0,0.0
146 , 393.0 , 0,0.0,0.0
147 , 395.0 , 0,0.0,0.0
148 , 397.0 , 0,0.0,0.0
149 , 399.0 , 0,0.0,0.0
150 , 401.0 , 0,0.0,0.0
151 , 403.0 , 0,0.0,0.0
152 , 405.0 , 0,0.0,0.0
153 , 407.0 , 0,0.0,0.0
154 , 409.0 , 0,0.0,0.0
155 , 411.0 , 0,0.0,0.0
156 , 413.0 , 0,0.0,0.0
157 , 415.0 , 0,0.0,0.0
158 , 417.0 , 0,0.0,0.0
159 , 419.0 , 0,0.0,0.0
160 , 421.0 , 0,0.0,0.0
161 , 423.0 , 0,0.0,0.0
162 , 425.0 , 0,0.0,0.0
163 , 427.0 , 0,0.0,0.0
164 , 429.0 , 0,0.0,0.0
165 , 431.0 , 0,0.0,0.0
166 , 433.0 , 0,0.0,0.0
167 , 435.0 , 0,0.0,0.0
168 , 437.0 , 0,0.0,0.0
169 , 439.0 , 0,0.0,0.0
170 , 441.0 , 0,0.0,0.0
171 , 443.0 , 0,0.0,0.0
172 , 445.0 , 0,0.0,0.0
173 , 447.0 , 0,0.0,0.0
174 , 449.0 , 0,0.0,0.0
175 , 451.0 , 0,0.0,0.0
176 , 453.0 , 0,0.0,0.0
177 , 455.0 , 0,0.0,0.0
178 , 457.0 , 0,0.0,0.0
179 , 459.0 , 0,0.0,0.0
180 , 461.0 , 0,0.0,0.0
181 , 463.0 , 0,0.0,0.0
182 , 465.0 , 0,0.0,0.0
183 , 467.0 , 0,0.0,0.0
184 , 469.0 , 0,0.0,0.0
185 , 471.0 , 0,0.0,0.0
186 , 473.0 , 0,0.0,0.0
187 , 475.0 , 0,0.0,0.0
188 , 477.0 , 0,0.0,0.0
189 , 479.0 , 0,0.0,0.0
190 , 481.0 , 0,0.0,0.0
191 , 483.0 , 0,0.0,0.0
192 , 485.0 , 0,0.0,0.0
193 , 487.0 , 0,0.0,0.0
194 , 489.0 , 0,0.0,0.0
195 , 491.0 , 0,0.0,0.0
196 , 493.0 , 0,0.0,0.0
197 , 495.0 , 0,0.0,0.0
198 , 497.0 , 0,0.0,0.0
199 , 499.0 , 0,0.0,0.0
200 , 501.0 , 0,0.0,0.0
201 , 503.0 , 0,0.0,0.0
202 , 505.0 , 0,0.0,0.0
203 , 507.0 , 0,0.0,0.0
204 , 509.0 , 0,0.0,0.0
205 , 511.0 , 0,0.0,0.0
206 , 513.0 , 0,0.0,0.0
207 , 515.0 , 0,0.0,0.0
208 , 517.0 , 0,0.0,0.0
209 , 519.0 , 0,0.0,0.0
210 , 521.0 , 0,0.0,0.0
211 , 523.0 , 0,0.0,0.0
212 , 525.0 , 0,0.0,0.0
213 , 527.0 , 0,0.0,0.0
214 , 529.0 , 0,0.0,0.0
215 , 531.0 , 0,0.0,0.0
216 , 533.0 , 0,0.0,0.0
217 , 535.0 , 0,0.0,0.0
218 , 537.0 , 0,0.0,0.0
219 , 539.0 , 0,0.0,0.0
220 , 541.0 , 0,0.0,0.0
221 , 543.0 , 0,0.0,0.0
222 , 545.0 , 0,0.0,0.0
223 , 547.0 , 0,0.0,0.0
224 , 549.0 , 0,0.0,0.0
225 , 551.0 , 0,0.0,0.0
226 , 553.0 , 0,0.0,0.0
227 , 555.0 , 0,0.0,0.0
228 , 557.0 , 0,0.0,0.0
229 , 559.0 , 0,0.0,0.0
230 , 561.0 , 0,0.0,0.0
231 , 563.0 , 0,0.0,0.0
232 , 565.0 , 0,0.0,0.0
233 , 567.0 , 0,0.0,0.0
234 , 569.0 , 0,0.0,0.0
235 , 571.0 , 0,0.0,0.0
236 , 573.0 , 0,0.0,0.0
237 , 575.0 , 0,0.0,0.0
238 , 577.0 , 0,0.0,0.0
239 , 579.0 , 0,0.0,0.0
240 , 581.0 , 0,0.0,0.0
241 , 583.0 , 0,0.0,0.0
242 , 585.0 , 0,0.0,0.0
243 , 587.0 , 0,0.0,0.0
244 , 589.0 , 0,0.0,0.0
245 , 591.0 , 0,0.0,0.0
246 , 593.0 , 0,0.0,0.0
247 , 595.0 , 0,0.0,0.0
248 , 597.0 , 0,0.0,0.0
249 , 599.0 , 0,0.0,0.0
250 , 601.0 , 0,0.0,0.0
251 , 603.0 , 0,0.0,0.0
252 , 605.0 , 0,0.0,0.0
253 , 607.0 , 0,0.0,0.0
254 , 609.0 , 0,0.0,0.0
255 , 611.0 , 0,0.0,0.0
256 , 613.0 , 0,0.0,0.0
257 , 615.0 , 0,0.0,0.0
258 , 617.0 , 0,0.0,0.0
259 , 619.0 , 0,0.0,0.0
260 , 621.0 , 0,0.0,0.0
261 , 623.0 , 0,0.0,0.0
262 , 625.0 , 0,0.0,0.0
263 , 627.0 , 0,0.0,0.0
264 , 629.0 , 0,0.0,0.0
265 , 631.0 , 0,0.0,0.0
266 , 633.0 , 0,0.0,0.0
267 , 635.0 , 0,0.0,0.0
268 , 637.0 , 0,0.0,0.0
269 , 639.0 , 0,0.0,0.0
270 , 641.0 , 0,0.0,0.0
271 , 643.0 , 0,0.0,0.0
272 , 645.0 , 0,0.0,0.0
273 , 647.0 , 0,0.0,0.0
274 , 649.0 , 0,0.0,0.0
275 , 651.0 , 0,0.0,0.0
276 , 653.0 , 0,0.0,0.0
277 , 655.0 , 0,0.0,0.0
278 , 657.0 , 0,0.0,0.0
279 , 659.0 , 0,0.0,0.0
280 , 661.0 , 0,0.0,0.0
281 , 663.0 , 0,0.0,0.0
282 , 665.0 , 0,0.0,0.0
283 , 667.0 , 0,0.0,0.0
284 , 669.0 , 0,0.0,0.0
285 , 671.0 , 0,0.0,0.0
286 , 673.0 , 0,0.0,0.0
287 , 675.0 , 0,0.0,0.0
288 , 677.0 , 0,0.0,0.0
289 , 679.0 , 0,0.0,0.0
290 , 681.0 , 0,0.0,0.0
291 , 683.0 , 0,0.0,0.0
292 , 685.0 , 0,0.0,0.0
293 , 687.0 , 0,0.0,0.0
294 , 689.0 , 0,0.0,0.0
295 , 691.0 , 0,0.0,0.0
296 , 693.0 , 0,0.0,0.0
297 , 695.0 , 0,0.0,0.0
298 , 697.0 , 0,0.0,0.0
299 , 699.0 , 0,0.0,0.0
 , Overflow , 4 , 2.0 , 50.0
